Rotational Speed [rpm];Power [W];Rotational Speed [rpm];Power [W];Rotational Speed [rpm];Power [W];Rotational Speed [rpm];Power [W];Rotational Speed [rpm];Power [W];Rotational Speed [rpm];Power [W];Rotational Speed [rpm];Power [W]
2.5464790e+02;7.4734745e+00;2.5464790e+02;8.9898882e+00;2.5464790e+02;9.0570803e+00;2.5464790e+02;1.1651673e+01;2.5464790e+02;1.1350489e+01;2.5464790e+02;8.9410782e+00;2.5464790e+02;7.4734745e+00
2.8011270e+02;8.9639988e+00;3.0557748e+02;1.2673841e+01;3.0557748e+02;1.2771159e+01;3.0557748e+02;1.6873997e+01;3.0557748e+02;1.6416536e+01;3.0557748e+02;1.2548290e+01;END;END
3.0557748e+02;1.0658723e+01;3.5650708e+02;1.7313936e+01;3.5650708e+02;1.7450108e+01;3.5650708e+02;2.3836718e+01;3.5650708e+02;2.3001793e+01;3.5650708e+02;1.7076559e+01;END;END
3.3104227e+02;1.2570937e+01;4.0743665e+02;2.3072098e+01;4.0743665e+02;2.3257214e+01;4.0743665e+02;3.2035461e+01;4.0743665e+02;3.1297735e+01;4.0743665e+02;2.2680624e+01;END;END
3.5650708e+02;1.4703548e+01;4.5836624e+02;3.0118292e+01;4.5836624e+02;3.0363722e+01;4.5836624e+02;4.2374874e+01;4.5836624e+02;4.1205395e+01;4.5836624e+02;2.9523302e+01;END;END
3.8197186e+02;1.7104836e+01;5.0929581e+02;3.8408291e+01;5.0929581e+02;3.8727146e+01;5.0929581e+02;5.4167339e+01;5.0929581e+02;5.3199638e+01;5.0929581e+02;3.7551994e+01;END;END
4.0743665e+02;1.9820065e+01;5.6022540e+02;4.7526844e+01;5.6022540e+02;4.7933804e+01;5.6022540e+02;6.7454781e+01;5.6022540e+02;6.6381187e+01;5.6022540e+02;4.6341583e+01;END;END
4.3290146e+02;2.2741917e+01;6.1115497e+02;5.6659908e+01;6.1115497e+02;5.7171398e+01;6.1115497e+02;8.3334404e+01;6.1115497e+02;8.2159431e+01;6.1115497e+02;5.5066418e+01;END;END
4.5836624e+02;2.6120396e+01;6.6208453e+02;6.6353500e+01;6.6208453e+02;6.6988014e+01;6.6208453e+02;1.0214293e+02;6.6208453e+02;1.0095490e+02;6.6208453e+02;6.4258774e+01;END;END
4.8383102e+02;2.9607641e+01;7.1301416e+02;7.8227745e+01;7.1301416e+02;7.8992928e+01;7.1301416e+02;1.2303673e+02;7.1301416e+02;1.2181435e+02;7.1301416e+02;7.5509872e+01;END;END
5.0929581e+02;3.3560825e+01;7.6394373e+02;9.3567139e+01;7.6394373e+02;9.4031891e+01;7.6394373e+02;1.4438611e+02;7.6394373e+02;1.4310573e+02;7.6394373e+02;8.9658142e+01;END;END
5.3476062e+02;3.7531792e+01;8.1487329e+02;1.1030606e+02;8.1487329e+02;1.1094655e+02;8.1487329e+02;1.6639308e+02;8.1487329e+02;1.6504491e+02;8.1487329e+02;1.0712082e+02;END;END
5.6022540e+02;4.1875988e+01;8.6580292e+02;1.3565607e+02;8.6580292e+02;1.3696658e+02;8.6580292e+02;1.8685371e+02;8.6580292e+02;1.8541525e+02;8.6580292e+02;1.2735096e+02;END;END
5.8569019e+02;4.6346252e+01;9.1673248e+02;1.6540025e+02;9.1673248e+02;1.6764348e+02;9.1673248e+02;2.0776700e+02;9.1673248e+02;2.0620699e+02;9.1673248e+02;1.4945262e+02;END;END
6.1115497e+02;5.0958237e+01;9.6766205e+02;1.9223538e+02;9.6766205e+02;1.9452034e+02;9.6766205e+02;2.2671629e+02;9.6766205e+02;2.2499852e+02;9.6766205e+02;1.7258698e+02;END;END
6.3661975e+02;5.6068604e+01;1.0185916e+03;2.1520496e+02;1.0185916e+03;2.1734372e+02;1.0185916e+03;2.4489418e+02;1.0185916e+03;2.4299399e+02;1.0185916e+03;1.9614337e+02;END;END
6.6208453e+02;6.1687328e+01;1.0695212e+03;2.3441440e+02;1.0695212e+03;2.3642583e+02;1.0695212e+03;2.6088489e+02;1.0695212e+03;2.5880569e+02;1.0695212e+03;2.1896913e+02;END;END
6.8754938e+02;6.8028763e+01;1.1204508e+03;2.5027649e+02;1.1204508e+03;2.5219041e+02;1.1204508e+03;2.7359210e+02;1.1204508e+03;2.7135046e+02;1.1204508e+03;2.3980786e+02;END;END
7.1301416e+02;7.4500443e+01;1.1713804e+03;2.6348517e+02;1.1713804e+03;2.6536160e+02;1.1713804e+03;2.8366196e+02;1.1713804e+03;2.8125549e+02;1.1713804e+03;2.5599117e+02;END;END
7.3847894e+02;8.1333549e+01;1.2223099e+03;2.7441092e+02;1.2223099e+03;2.7620346e+02;1.2223099e+03;2.9066400e+02;1.2223099e+03;2.8808243e+02;1.2223099e+03;2.6889001e+02;END;END
7.6394373e+02;8.8828651e+01;1.2732395e+03;2.8339957e+02;1.2732395e+03;2.8502902e+02;1.2732395e+03;2.9564948e+02;1.2732395e+03;2.9289120e+02;1.2732395e+03;2.7944818e+02;END;END
7.8940851e+02;9.7096031e+01;1.3241691e+03;2.9072424e+02;1.3241691e+03;2.9210547e+02;1.3241691e+03;2.9879257e+02;1.3241691e+03;2.9585547e+02;1.3241691e+03;2.8812042e+02;END;END
8.1487329e+02;1.0580034e+02;1.3750988e+03;2.9594366e+02;1.3750988e+03;2.9702515e+02;1.3750988e+03;3.0037213e+02;1.3750988e+03;2.9725485e+02;1.3750988e+03;2.9425580e+02;END;END
8.4033807e+02;1.1429335e+02;1.4260283e+03;2.9918793e+02;1.4260283e+03;2.9995023e+02;1.4260283e+03;3.0040836e+02;1.4260283e+03;2.9711969e+02;1.4260283e+03;2.9811447e+02;END;END
8.6580292e+02;1.2324409e+02;1.4769579e+03;3.0062991e+02;1.4769579e+03;3.0105569e+02;1.4769579e+03;2.9929840e+02;1.4769579e+03;2.9584464e+02;1.4769579e+03;2.9978162e+02;END;END
8.9126770e+02;1.3129858e+02;1.5278875e+03;3.0079532e+02;1.5278875e+03;3.0092255e+02;1.5278875e+03;2.9730753e+02;1.5278875e+03;2.9366577e+02;1.5278875e+03;2.9972922e+02;END;END
9.1673248e+02;1.3842920e+02;1.5788170e+03;3.0016785e+02;1.5788170e+03;3.0007159e+02;1.5788170e+03;2.9459961e+02;1.5788170e+03;2.9074152e+02;1.5788170e+03;2.9882855e+02;END;END
9.4219727e+02;1.5074834e+02;1.6297466e+03;2.9895828e+02;1.6297466e+03;2.9866095e+02;1.6297466e+03;2.9124585e+02;1.6297466e+03;2.8715915e+02;1.6297466e+03;2.9739807e+02;END;END
9.6766205e+02;1.6469926e+02;1.6806761e+03;2.9721405e+02;1.6806761e+03;2.9672897e+02;1.6806761e+03;2.8723141e+02;1.6806761e+03;2.8292963e+02;1.6806761e+03;2.9548572e+02;END;END
9.9312683e+02;1.7811589e+02;1.7316058e+03;2.9505197e+02;1.7316058e+03;2.9437958e+02;1.7316058e+03;2.8267981e+02;1.7316058e+03;2.7818762e+02;1.7316058e+03;2.9315329e+02;END;END
1.0185916e+03;1.8880078e+02;1.7825354e+03;2.9243188e+02;1.7825354e+03;2.9161270e+02;1.7825354e+03;2.7727243e+02;1.7825354e+03;2.7262759e+02;1.7825354e+03;2.9046283e+02;END;END
1.0440564e+03;1.9823593e+02;1.8334650e+03;2.8947784e+02;1.8334650e+03;2.8851093e+02;1.8334650e+03;2.7113773e+02;1.8334650e+03;2.6636832e+02;1.8334650e+03;2.8749567e+02;END;END
1.0695212e+03;2.0747728e+02;1.8843945e+03;2.8614307e+02;1.8843945e+03;2.8506387e+02;1.8843945e+03;2.6426981e+02;1.8843945e+03;2.5936862e+02;1.8843945e+03;2.8426205e+02;END;END
1.0949860e+03;2.1668475e+02;1.9353241e+03;2.8247360e+02;1.9353241e+03;2.8133881e+02;1.9353241e+03;2.5658508e+02;1.9353241e+03;2.5155759e+02;1.9353241e+03;2.8080182e+02;END;END
1.1204508e+03;2.2597401e+02;1.9862537e+03;2.7859769e+02;1.9862537e+03;2.7744751e+02;1.9862537e+03;2.4812819e+02;1.9862537e+03;2.4297316e+02;1.9862537e+03;2.7710873e+02;END;END
1.1459156e+03;2.3455197e+02;2.0371832e+03;2.7429837e+02;2.0371832e+03;2.7311490e+02;2.0371832e+03;2.3879414e+02;2.0371832e+03;2.3352332e+02;2.0371832e+03;2.7307703e+02;END;END
1.1713804e+03;2.4242801e+02;2.0881128e+03;2.6958865e+02;2.0881128e+03;2.6836990e+02;2.0881128e+03;2.2848056e+02;2.0881128e+03;2.2315094e+02;2.0881128e+03;2.6877811e+02;END;END
1.1968452e+03;2.4994038e+02;2.1390425e+03;2.6456979e+02;2.1390425e+03;2.6332458e+02;2.1390425e+03;2.1728084e+02;2.1390425e+03;2.1196326e+02;2.1390425e+03;2.6424875e+02;END;END
1.2223099e+03;2.5680359e+02;2.1899719e+03;2.5927469e+02;2.1899719e+03;2.5800357e+02;2.1899719e+03;2.0527440e+02;2.1899719e+03;2.0006999e+02;2.1899719e+03;2.5950485e+02;END;END
1.2477748e+03;2.6310507e+02;2.2409016e+03;2.5361189e+02;2.2409016e+03;2.5231548e+02;2.2409016e+03;1.9279343e+02;2.2409016e+03;1.8779250e+02;2.2409016e+03;2.5452570e+02;END;END
1.2732395e+03;2.6882437e+02;2.2918313e+03;2.4765306e+02;2.2918313e+03;2.4632892e+02;2.2918313e+03;1.8005336e+02;2.2918313e+03;1.7525008e+02;2.2918313e+03;2.4928395e+02;END;END
1.2987043e+03;2.7430304e+02;2.3427607e+03;2.4160663e+02;2.3427607e+03;2.4027652e+02;2.3427607e+03;1.6703085e+02;2.3427607e+03;1.6244897e+02;2.3427607e+03;2.4379877e+02;END;END
1.3241691e+03;2.7933871e+02;2.3936904e+03;2.3538635e+02;2.3936904e+03;2.3405501e+02;2.3936904e+03;1.5352844e+02;2.3936904e+03;1.4920528e+02;2.3936904e+03;2.3805721e+02;END;END
1.3496339e+03;2.8375388e+02;2.4446199e+03;2.2885114e+02;2.4446199e+03;2.2750070e+02;2.4446199e+03;1.3917017e+02;2.4446199e+03;1.3516620e+02;2.4446199e+03;2.3206245e+02;END;END
1.3750988e+03;2.8753986e+02;2.4955496e+03;2.2197528e+02;2.4955496e+03;2.2062621e+02;2.4955496e+03;1.2409476e+02;2.4955496e+03;1.2047777e+02;2.4955496e+03;2.2586118e+02;END;END
1.4005635e+03;2.9090338e+02;2.5464790e+03;2.1474974e+02;2.5464790e+03;2.1339809e+02;2.5464790e+03;1.0840865e+02;2.5464790e+03;1.0523408e+02;2.5464790e+03;2.1937396e+02;END;END
1.4260283e+03;2.9383380e+02;2.5974087e+03;2.0726906e+02;2.5974087e+03;2.0589838e+02;2.5974087e+03;9.2140091e+01;2.5974087e+03;8.9431709e+01;2.5974087e+03;2.1261714e+02;END;END
1.4514930e+03;2.9641708e+02;2.6483381e+03;1.9950275e+02;2.6483381e+03;1.9810439e+02;2.6483381e+03;7.4915115e+01;2.6483381e+03;7.2666420e+01;2.6483381e+03;2.0562909e+02;END;END
1.4769579e+03;2.9846423e+02;2.6992678e+03;1.9154169e+02;2.6992678e+03;1.9011691e+02;2.6992678e+03;5.6760818e+01;2.6992678e+03;5.4961594e+01;2.6992678e+03;1.9845915e+02;END;END
1.5024226e+03;2.9997784e+02;2.7501975e+03;1.8330600e+02;2.7501975e+03;1.8179095e+02;2.7501975e+03;3.7922215e+01;2.7501975e+03;3.6682590e+01;2.7501975e+03;1.9106573e+02;END;END
1.5278875e+03;3.0092215e+02;2.8011270e+03;1.7469592e+02;2.8011270e+03;1.7304128e+02;2.8011270e+03;1.8324629e+01;2.8011270e+03;1.7802378e+01;2.8011270e+03;1.8336552e+02;END;END
1.5533523e+03;3.0134732e+02;2.8520566e+03;1.6563713e+02;2.8520566e+03;1.6388889e+02;2.8520566e+03;-2.2303197e+00;2.8520566e+03;-1.9237875e+00;2.8520566e+03;1.7528003e+02;END;END
1.5788170e+03;3.0139758e+02;2.9029861e+03;1.5611401e+02;2.9029861e+03;1.5428021e+02;2.9029861e+03;-2.3992069e+01;2.9029861e+03;-2.2760233e+01;2.9029861e+03;1.6673009e+02;END;END
1.6042819e+03;3.0118167e+02;2.9539158e+03;1.4608617e+02;2.9539158e+03;1.4416614e+02;2.9539158e+03;-4.6702648e+01;2.9539158e+03;-4.4481125e+01;2.9539158e+03;1.5757570e+02;END;END
1.6297466e+03;3.0076212e+02;3.0048452e+03;1.3548058e+02;3.0048452e+03;1.3353888e+02;3.0048452e+03;-7.0435310e+01;3.0048452e+03;-6.7225319e+01;3.0048452e+03;1.4768872e+02;END;END
1.6552114e+03;3.0015991e+02;3.0557749e+03;1.2407848e+02;3.0557749e+03;1.2200488e+02;3.0557749e+03;-9.5102417e+01;3.0557749e+03;-9.0936378e+01;3.0557749e+03;1.3683510e+02;END;END
1.6806761e+03;2.9942957e+02;END;END;END;END;END;END;END;END;END;END;END;END
1.7061410e+03;2.9850040e+02;END;END;END;END;END;END;END;END;END;END;END;END
1.7316058e+03;2.9750092e+02;END;END;END;END;END;END;END;END;END;END;END;END
1.7570706e+03;2.9632465e+02;END;END;END;END;END;END;END;END;END;END;END;END
1.7825354e+03;2.9505951e+02;END;END;END;END;END;END;END;END;END;END;END;END
1.8080001e+03;2.9367398e+02;END;END;END;END;END;END;END;END;END;END;END;END
1.8334650e+03;2.9220288e+02;END;END;END;END;END;END;END;END;END;END;END;END
1.8589297e+03;2.9060913e+02;END;END;END;END;END;END;END;END;END;END;END;END
1.8843945e+03;2.8893982e+02;END;END;END;END;END;END;END;END;END;END;END;END
1.9098594e+03;2.8707727e+02;END;END;END;END;END;END;END;END;END;END;END;END
1.9353241e+03;2.8529581e+02;END;END;END;END;END;END;END;END;END;END;END;END
1.9607889e+03;2.8340277e+02;END;END;END;END;END;END;END;END;END;END;END;END
1.9862537e+03;2.8141049e+02;END;END;END;END;END;END;END;END;END;END;END;END
2.0117185e+03;2.7925089e+02;END;END;END;END;END;END;END;END;END;END;END;END
2.0371832e+03;2.7712704e+02;END;END;END;END;END;END;END;END;END;END;END;END
2.0626479e+03;2.7488309e+02;END;END;END;END;END;END;END;END;END;END;END;END
2.0881128e+03;2.7261301e+02;END;END;END;END;END;END;END;END;END;END;END;END
2.1135776e+03;2.7025153e+02;END;END;END;END;END;END;END;END;END;END;END;END
2.1390425e+03;2.6785263e+02;END;END;END;END;END;END;END;END;END;END;END;END
2.1645073e+03;2.6544998e+02;END;END;END;END;END;END;END;END;END;END;END;END
2.1899719e+03;2.6293753e+02;END;END;END;END;END;END;END;END;END;END;END;END
2.2154368e+03;2.6031070e+02;END;END;END;END;END;END;END;END;END;END;END;END
2.2409016e+03;2.5764417e+02;END;END;END;END;END;END;END;END;END;END;END;END
2.2663665e+03;2.5494582e+02;END;END;END;END;END;END;END;END;END;END;END;END
2.2918313e+03;2.5232106e+02;END;END;END;END;END;END;END;END;END;END;END;END
2.3172959e+03;2.4948457e+02;END;END;END;END;END;END;END;END;END;END;END;END
2.3427607e+03;2.4663252e+02;END;END;END;END;END;END;END;END;END;END;END;END
2.3682256e+03;2.4369020e+02;END;END;END;END;END;END;END;END;END;END;END;END
2.3936904e+03;2.4064803e+02;END;END;END;END;END;END;END;END;END;END;END;END
2.4191550e+03;2.3754245e+02;END;END;END;END;END;END;END;END;END;END;END;END
2.4446199e+03;2.3435092e+02;END;END;END;END;END;END;END;END;END;END;END;END
2.4700847e+03;2.3110872e+02;END;END;END;END;END;END;END;END;END;END;END;END
2.4955496e+03;2.2781703e+02;END;END;END;END;END;END;END;END;END;END;END;END
2.5210144e+03;2.2446179e+02;END;END;END;END;END;END;END;END;END;END;END;END
2.5464790e+03;2.2105269e+02;END;END;END;END;END;END;END;END;END;END;END;END
2.5719438e+03;2.1765570e+02;END;END;END;END;END;END;END;END;END;END;END;END
2.5974087e+03;2.1415300e+02;END;END;END;END;END;END;END;END;END;END;END;END
2.6228735e+03;2.1057784e+02;END;END;END;END;END;END;END;END;END;END;END;END
2.6483381e+03;2.0696503e+02;END;END;END;END;END;END;END;END;END;END;END;END
2.6738030e+03;2.0325731e+02;END;END;END;END;END;END;END;END;END;END;END;END
2.6992678e+03;1.9945468e+02;END;END;END;END;END;END;END;END;END;END;END;END
2.7247327e+03;1.9570296e+02;END;END;END;END;END;END;END;END;END;END;END;END
2.7501975e+03;1.9178322e+02;END;END;END;END;END;END;END;END;END;END;END;END
2.7756621e+03;1.8787233e+02;END;END;END;END;END;END;END;END;END;END;END;END
2.8011270e+03;1.8389133e+02;END;END;END;END;END;END;END;END;END;END;END;END
2.8265918e+03;1.7984570e+02;END;END;END;END;END;END;END;END;END;END;END;END
2.8520566e+03;1.7574562e+02;END;END;END;END;END;END;END;END;END;END;END;END
2.8775215e+03;1.7158621e+02;END;END;END;END;END;END;END;END;END;END;END;END
2.9029861e+03;1.6726016e+02;END;END;END;END;END;END;END;END;END;END;END;END
2.9284509e+03;1.6294829e+02;END;END;END;END;END;END;END;END;END;END;END;END
2.9539158e+03;1.5856522e+02;END;END;END;END;END;END;END;END;END;END;END;END
2.9793806e+03;1.5408728e+02;END;END;END;END;END;END;END;END;END;END;END;END
3.0048452e+03;1.4949516e+02;END;END;END;END;END;END;END;END;END;END;END;END
3.0303101e+03;1.4480438e+02;END;END;END;END;END;END;END;END;END;END;END;END
3.0557749e+03;1.4000174e+02;END;END;END;END;END;END;END;END;END;END;END;END
