34.1494873809394,8.00445413963139,135
30.5806306192278,7.86538905420103,135
27.018133693203,7.69899420312881,135
19.9169892249783,7.26371787982745,135
12.8428740584219,6.71229005254821,135
5.79419823461234,6.05154316270158,135
-1.21790853399887,5.23365012041431,135
-8.18549645280332,4.22444871863409,135
-15.0910759736627,2.94878210184583,135
-18.512066555659,2.17429996524245,135
-21.9028479181435,1.27000144184028,135
-25.255470266508,0.201724324587008,135
-28.5317745866324,-1.19450998036847,135
-30.1222279790444,-2.09760037516008,135
-31.6697524805715,-3.18516668803418,135
-33.147318789545,-4.57336042296863,135
-33.8264784844692,-5.52367384332821,135
-34.1494873809394,-8.00445413963139,135
-33.0505785306945,-8.85790525163393,135
-32.0836362709481,-9.14426372656808,135
-30.2499191635206,-9.28653686757723,135
-28.4511811523698,-9.27849629755622,135
-26.666752771514,-9.20896375484104,135
-23.1312851471575,-8.92641739979096,135
-19.6244367833911,-8.52088709935255,135
-16.149387598058,-7.9787079707049,135
-12.7045476322367,-7.30671245525846,135
-5.87846605746082,-5.68942376794707,135
0.887197078291602,-3.8125023070381,135
7.60993132315895,-1.75110492804665,135
14.2992764306712,0.453773720564519,135
20.9600022775935,2.78163631456401,135
27.595288781769,5.21881797113091,135
30.9018023214051,6.48523588928759,135
34.2003660664328,7.78581601449659,135
